doc_id,issue_date,title,source_url,pdf_url,pdf_file,status,text_chars
07_2025_Ochrona_os_b_starszych_przed_oszustwami,07/2025,Ochrona osób starszych przed oszustwami,https://assets.contentstack.io/v3/assets/blt36c2e63521272fdc/blt57e5c4643b730452/685c5d0878cc036827e32624/ouch!_polish_july_2025_protecting_our_seniors.pdf,https://assets.contentstack.io/v3/assets/blt36c2e63521272fdc/blt57e5c4643b730452/685c5d0878cc036827e32624/ouch!_polish_july_2025_protecting_our_seniors.pdf,pdfs/07_2025_ouch__polish_july_2025_protecting_our_seniors.pdf,ok,6568
06_2025_Obrona_przed_z_o_liwym_oprogramowaniem,06/2025,Obrona przed złośliwym oprogramowaniem,https://assets.contentstack.io/v3/assets/blt36c2e63521272fdc/blt801f83f1b6e350e6/682d15c764f73f20cd90348c/ouch!_polish_june_2025_malware.pdf,https://assets.contentstack.io/v3/assets/blt36c2e63521272fdc/blt801f83f1b6e350e6/682d15c764f73f20cd90348c/ouch!_polish_june_2025_malware.pdf,pdfs/06_2025_ouch__polish_june_2025_malware.pdf,ok,6011
05_2025_Jak_cyberprzest_pcy_wykorzystuj_Twoje_emocje,05/2025,Jak cyberprzestępcy wykorzystują Twoje emocje,https://assets.contentstack.io/v3/assets/blt36c2e63521272fdc/bltf839020887abb258/6802d8ac2b1be9586d154d20/ouch!_polish_may_2025_emotionaltriggers.pdf,https://assets.contentstack.io/v3/assets/blt36c2e63521272fdc/bltf839020887abb258/6802d8ac2b1be9586d154d20/ouch!_polish_may_2025_emotionaltriggers.pdf,pdfs/05_2025_ouch__polish_may_2025_emotionaltriggers.pdf,ok,6721
04_2025_Przej_cia_kont,04/2025,Przejęcia kont,https://assets.contentstack.io/v3/assets/blt36c2e63521272fdc/blt51348cb472b52633/67d9650ecca70a486e3a0399/ouch!_polish_april_2025_accounttakeovers.pdf,https://assets.contentstack.io/v3/assets/blt36c2e63521272fdc/blt51348cb472b52633/67d9650ecca70a486e3a0399/ouch!_polish_april_2025_accounttakeovers.pdf,pdfs/04_2025_ouch__polish_april_2025_accounttakeovers.pdf,ok,5477
03_2025_Deepfakes_Nowa_era_oszustw,03/2025,Deepfakes: Nowa era oszustw,https://assets.contentstack.io/v3/assets/blt36c2e63521272fdc/blt8ecf07d8f68a0937/67af99d9890f9148b051d858/ouch!_polish_march_2025_deepfakes.pdf,https://assets.contentstack.io/v3/assets/blt36c2e63521272fdc/blt8ecf07d8f68a0937/67af99d9890f9148b051d858/ouch!_polish_march_2025_deepfakes.pdf,pdfs/03_2025_ouch__polish_march_2025_deepfakes.pdf,ok,6936
02_2025_Mi_a_rozmowa_i_pusty_portfel_Oszustwa_romantyczne,02/2025,Miła rozmowa i pusty portfel: Oszustwa romantyczne,https://assets.contentstack.io/v3/assets/blt36c2e63521272fdc/blt3e2b17907fad4674/6790ef1a259b9a5ec2266cae/ouch!_polish_february_2025_pig_butchering.pdf,https://assets.contentstack.io/v3/assets/blt36c2e63521272fdc/blt3e2b17907fad4674/6790ef1a259b9a5ec2266cae/ouch!_polish_february_2025_pig_butchering.pdf,pdfs/02_2025_ouch__polish_february_2025_pig_butchering.pdf,ok,6794
01_2025_Smart_Home_-_Inteligentne_urz_dzenia_domowe,01/2025,Smart Home - Inteligentne urządzenia domowe,https://assets.contentstack.io/v3/assets/blt36c2e63521272fdc/blt80399cba18f6c527/675af406bbb2f68de839bca9/ouch!_polish_january_2025_smart_home_devices.pdf,https://assets.contentstack.io/v3/assets/blt36c2e63521272fdc/blt80399cba18f6c527/675af406bbb2f68de839bca9/ouch!_polish_january_2025_smart_home_devices.pdf,pdfs/01_2025_ouch__polish_january_2025_smart_home_devices.pdf,ok,5996
12_2024_Jak_przest_pcy_kradn_nasze_dane,12/2024,Jak przestępcy kradną nasze dane,https://assets.contentstack.io/v3/assets/blt36c2e63521272fdc/blt3ab072ffe395b625/673de04bebebdc10100e3810/ouch!_polish_december_2024_credential_harvesting.pdf,https://assets.contentstack.io/v3/assets/blt36c2e63521272fdc/blt3ab072ffe395b625/673de04bebebdc10100e3810/ouch!_polish_december_2024_credential_harvesting.pdf,pdfs/12_2024_ouch__polish_december_2024_credential_harvesting.pdf,ok,5715
11_2024_Nie_pozw_l_cyberprzest_pcom_ukra_swoich_oszcz_dno_ci,11/2024,Nie pozwól cyberprzestępcom ukraść swoich oszczędności,https://assets.contentstack.io/v3/assets/blt36c2e63521272fdc/blt2ac17c5bc877a5c6/67167f80702aae22c046bd83/ouch!_polish_november_2024_financial_accounts.pdf,https://assets.contentstack.io/v3/assets/blt36c2e63521272fdc/blt2ac17c5bc877a5c6/67167f80702aae22c046bd83/ouch!_polish_november_2024_financial_accounts.pdf,pdfs/11_2024_ouch__polish_november_2024_financial_accounts.pdf,ok,6193
10_2024_Szkodliwe_oprogramowanie,10/2024,Szkodliwe oprogramowanie,https://assets.contentstack.io/v3/assets/blt36c2e63521272fdc/blt66a1751913448eed/66f156f05f331e9671d877ff/ouch!_polish_october_2024_mobile_apps.pdf,https://assets.contentstack.io/v3/assets/blt36c2e63521272fdc/blt66a1751913448eed/66f156f05f331e9671d877ff/ouch!_polish_october_2024_mobile_apps.pdf,pdfs/10_2024_ouch__polish_october_2024_mobile_apps.pdf,ok,5810
09_2024_Ataki_z_wykorzystaniem_odwzorowanego_g_osu,09/2024,Ataki z wykorzystaniem odwzorowanego głosu,https://assets.contentstack.io/v3/assets/blt36c2e63521272fdc/bltb863b57685ee2512/66c48f6d71186772dcaa1037/ouch!_polish_september_2024_voice_cloning.pdf,https://assets.contentstack.io/v3/assets/blt36c2e63521272fdc/bltb863b57685ee2512/66c48f6d71186772dcaa1037/ouch!_polish_september_2024_voice_cloning.pdf,pdfs/09_2024_ouch__polish_september_2024_voice_cloning.pdf,ok,5682
08_2024_Chro_swoje_serce_i_portfel_przed_oszustwami_matrymonialnymi,08/2024,Chroń swoje serce (i portfel) przed oszustwami matrymonialnymi,https://assets.contentstack.io/v3/assets/blt36c2e63521272fdc/blteecd803cd346a685/66951c18d316c7bedbb3153c/ouch!_august_2024_polish_romance_scam.pdf,https://assets.contentstack.io/v3/assets/blt36c2e63521272fdc/blteecd803cd346a685/66951c18d316c7bedbb3153c/ouch!_august_2024_polish_romance_scam.pdf,pdfs/08_2024_ouch__august_2024_polish_romance_scam.pdf,ok,6241
07_2024_Ataki_za_pomoc_wiadomo_ci_tekstowych,07/2024,Ataki za pomocą wiadomości tekstowych,https://assets.contentstack.io/v3/assets/blt36c2e63521272fdc/bltf906c74525d5477f/666c534b3ab7db707518aa32/ouch!_july_2024_Polish_spot_and_stop_messaging_attacks.pdf,https://assets.contentstack.io/v3/assets/blt36c2e63521272fdc/bltf906c74525d5477f/666c534b3ab7db707518aa32/ouch!_july_2024_Polish_spot_and_stop_messaging_attacks.pdf,pdfs/07_2024_ouch__july_2024_Polish_spot_and_stop_messaging_attacks.pdf,ok,5715
06_2024_Wybierasz_si_na_wakacje,06/2024,Wybierasz się na wakacje?,https://assets.contentstack.io/v3/assets/blt36c2e63521272fdc/bltb9bb712a06230346/66439d10dc0b2eb94e4fd417/ouch!_june_2024_polish_vacation_cybersecurity.pdf,https://assets.contentstack.io/v3/assets/blt36c2e63521272fdc/bltb9bb712a06230346/66439d10dc0b2eb94e4fd417/ouch!_june_2024_polish_vacation_cybersecurity.pdf,pdfs/06_2024_ouch__june_2024_polish_vacation_cybersecurity.pdf,ok,6048
05_2024_Trzy_najcz_stsze_sposoby_atak_w,05/2024,Trzy najczęstsze sposoby ataków,https://assets.contentstack.io/v3/assets/blt36c2e63521272fdc/bltdf8b928917d72cbe/6619c41012f275bac8eff13c/ouch!_may_2024_polish_top_three_ways_cyber_attackers_target_you.pdf,https://assets.contentstack.io/v3/assets/blt36c2e63521272fdc/bltdf8b928917d72cbe/6619c41012f275bac8eff13c/ouch!_may_2024_polish_top_three_ways_cyber_attackers_target_you.pdf,pdfs/05_2024_ouch__may_2024_polish_top_three_ways_cyber_attackers_target_you.pdf,ok,5609
04_2024_Rozpocznij_karier_w_cyberbezpiecze_stwie,04/2024,Rozpocznij karierę w cyberbezpieczeństwie,https://assets.contentstack.io/v3/assets/blt36c2e63521272fdc/blt0bc153211c93dcaa/65f40f395fa1c6f9ed4bd41e/ouch!_april_2024_polish_start_your_career_in_cybersecurity.pdf,https://assets.contentstack.io/v3/assets/blt36c2e63521272fdc/blt0bc153211c93dcaa/65f40f395fa1c6f9ed4bd41e/ouch!_april_2024_polish_start_your_career_in_cybersecurity.pdf,pdfs/04_2024_ouch__april_2024_polish_start_your_career_in_cybersecurity.pdf,ok,5913
03_2024_Zasady_bezpiecznych_rozm_w,03/2024,Zasady bezpiecznych rozmów,https://assets.contentstack.io/v3/assets/blt36c2e63521272fdc/bltd7da3a202b88b28d/65ccde3edccfc6e568aafdca/ouch!_march_2024_polish_messaging_do_s_and_don_ts.pdf,https://assets.contentstack.io/v3/assets/blt36c2e63521272fdc/bltd7da3a202b88b28d/65ccde3edccfc6e568aafdca/ouch!_march_2024_polish_messaging_do_s_and_don_ts.pdf,pdfs/03_2024_ouch__march_2024_polish_messaging_do_s_and_don_ts.pdf,ok,4964
02_2024_Kradzie_to_samo_ci_Zapobieganie_wykrywanie_i_reagowanie,02/2024,"Kradzież tożsamości: Zapobieganie, wykrywanie i reagowanie",https://assets.contentstack.io/v3/assets/blt36c2e63521272fdc/blt5067b2e7bb8c909b/65a1c93b711b3168eafcbe86/ouch!_february_2024_polish_identity_theft.pdf,https://assets.contentstack.io/v3/assets/blt36c2e63521272fdc/blt5067b2e7bb8c909b/65a1c93b711b3168eafcbe86/ouch!_february_2024_polish_identity_theft.pdf,pdfs/02_2024_ouch__february_2024_polish_identity_theft.pdf,ok,6624
01_2024_Kody_QR,01/2024,Kody QR,https://assets.contentstack.io/v3/assets/blt36c2e63521272fdc/blt8e0df816fa8a260b/65808d77c3fb271e0d19b14d/ouch!_january_2024_polish_qr_codes.pdf,https://assets.contentstack.io/v3/assets/blt36c2e63521272fdc/blt8e0df816fa8a260b/65808d77c3fb271e0d19b14d/ouch!_january_2024_polish_qr_codes.pdf,pdfs/01_2024_ouch__january_2024_polish_qr_codes.pdf,ok,5498
12_2023_Si_a_hase,12/2023,Siła haseł,https://assets.contentstack.io/v3/assets/blt36c2e63521272fdc/blt10a18bad5002e32f/655518f7a255e2bca4211622/ouch!_december_2023_polish_power_of_the_passphrase.pdf,https://assets.contentstack.io/v3/assets/blt36c2e63521272fdc/blt10a18bad5002e32f/655518f7a255e2bca4211622/ouch!_december_2023_polish_power_of_the_passphrase.pdf,pdfs/12_2023_ouch__december_2023_polish_power_of_the_passphrase.pdf,ok,6077
11_2023_Zaatakowali_mnie_hakerzy_co_teraz,11/2023,"Zaatakowali mnie hakerzy, co teraz?",https://assets.contentstack.io/v3/assets/blt36c2e63521272fdc/blt006d7b65c00c9d22/653034736003f89f1f3b917d/ouch!_november_2023_polish_im_hacked_now_what.pdf,https://assets.contentstack.io/v3/assets/blt36c2e63521272fdc/blt006d7b65c00c9d22/653034736003f89f1f3b917d/ouch!_november_2023_polish_im_hacked_now_what.pdf,pdfs/11_2023_ouch__november_2023_polish_im_hacked_now_what.pdf,ok,6069
10_2023_Moc_aktualizacji,10/2023,Moc aktualizacji,https://assets.contentstack.io/v3/assets/blt36c2e63521272fdc/blt83ec6a80c8715640/650873cb065768e0a7eae163/ouch!_october_2023_polish_the_power_of_updating.pdf,https://assets.contentstack.io/v3/assets/blt36c2e63521272fdc/blt83ec6a80c8715640/650873cb065768e0a7eae163/ouch!_october_2023_polish_the_power_of_updating.pdf,pdfs/10_2023_ouch__october_2023_polish_the_power_of_updating.pdf,ok,5449
09_2023_Bezpiecze_stwo_dzieci_online,09/2023,Bezpieczeństwo dzieci online,https://assets.contentstack.io/v3/assets/blt36c2e63521272fdc/blt973ce6e989c86209/64de53d7b8cb28f9e0bbcbea/ouch!_september_2023_polish_online_security_for_kids.pdf,https://assets.contentstack.io/v3/assets/blt36c2e63521272fdc/blt973ce6e989c86209/64de53d7b8cb28f9e0bbcbea/ouch!_september_2023_polish_online_security_for_kids.pdf,pdfs/09_2023_ouch__september_2023_polish_online_security_for_kids.pdf,ok,5691
08_2023_Mened_er_hase,08/2023,Menedżer haseł,https://assets.contentstack.io/v3/assets/blt36c2e63521272fdc/blt23dfc6f98dacac23/64b1b667f763ac52a98efc48/ouch!_august_2023_polish_power_of_password_managers.pdf,https://assets.contentstack.io/v3/assets/blt36c2e63521272fdc/blt23dfc6f98dacac23/64b1b667f763ac52a98efc48/ouch!_august_2023_polish_power_of_password_managers.pdf,pdfs/08_2023_ouch__august_2023_polish_power_of_password_managers.pdf,ok,5133
07_2023_Powstrzymaj_oszustwa_telefoniczne,07/2023,Powstrzymaj oszustwa telefoniczne,https://assets.contentstack.io/v3/assets/blt36c2e63521272fdc/blte1ebabf9eec617a8/6493365c352ac66416da4de9/ouch!_july_2023_polish_stop_those_phone_call_scams.pdf,https://assets.contentstack.io/v3/assets/blt36c2e63521272fdc/blte1ebabf9eec617a8/6493365c352ac66416da4de9/ouch!_july_2023_polish_stop_those_phone_call_scams.pdf,pdfs/07_2023_ouch__july_2023_polish_stop_those_phone_call_scams.pdf,ok,5401
06_2023_Bezpiecze_stwo_kont_bankowych,06/2023,Bezpieczeństwo kont bankowych,https://assets.contentstack.io/v3/assets/blt36c2e63521272fdc/bltb77b91eb5892840a/646d055ca9ab8df7d9672d3a/ouch!_june_2023_polish_securing_your_bank_account.pdf,https://assets.contentstack.io/v3/assets/blt36c2e63521272fdc/bltb77b91eb5892840a/646d055ca9ab8df7d9672d3a/ouch!_june_2023_polish_securing_your_bank_account.pdf,pdfs/06_2023_ouch__june_2023_polish_securing_your_bank_account.pdf,ok,5145
05_2023_Sztuczna_inteligencja_Co_warto_o_niej_wiedzie,05/2023,Sztuczna inteligencja: Co warto o niej wiedzieć,https://assets.contentstack.io/v3/assets/blt36c2e63521272fdc/blt81644280b296ddd3/6447062d398bc14b3cffeae7/ouch!_may_2023_polish_artificial_intelligence.pdf,https://assets.contentstack.io/v3/assets/blt36c2e63521272fdc/blt81644280b296ddd3/6447062d398bc14b3cffeae7/ouch!_may_2023_polish_artificial_intelligence.pdf,pdfs/05_2023_ouch__may_2023_polish_artificial_intelligence.pdf,ok,6333
04_2023_Scareware_Historia,04/2023,Scareware: Historia,https://assets.contentstack.io/v3/assets/blt36c2e63521272fdc/blt893cb584f7a8614c/641a3cd600554e3ab2c5f037/ouch!_april_2023_polish_scareware.pdf,https://assets.contentstack.io/v3/assets/blt36c2e63521272fdc/blt893cb584f7a8614c/641a3cd600554e3ab2c5f037/ouch!_april_2023_polish_scareware.pdf,pdfs/04_2023_ouch__april_2023_polish_scareware.pdf,ok,5827
03_2023_Cyfrowe_wiosenne_porz_dki_w_7_krokach,03/2023,Cyfrowe wiosenne porządki w 7 krokach,https://assets.contentstack.io/v3/assets/blt36c2e63521272fdc/blt699fdc106e614b8b/63f54c3d86f7743d279e8a9f/ouch!_march_2023_polish_digital_spring_cleaning_in_7_simple_steps.pdf,https://assets.contentstack.io/v3/assets/blt36c2e63521272fdc/blt699fdc106e614b8b/63f54c3d86f7743d279e8a9f/ouch!_march_2023_polish_digital_spring_cleaning_in_7_simple_steps.pdf,pdfs/03_2023_ouch__march_2023_polish_digital_spring_cleaning_in_7_simple_steps.pdf,ok,5433
02_2023_Czy_potrzebne_s_dodatkowe_narz_dzia_zabezpieczaj_ce,02/2023,Czy potrzebne są dodatkowe narzędzia zabezpieczające?,https://assets.contentstack.io/v3/assets/blt36c2e63521272fdc/bltf4ac3dddf4117144/63cad45571ee3810f4293549/ouch!_february_2023_polish_security_software.pdf,https://assets.contentstack.io/v3/assets/blt36c2e63521272fdc/bltf4ac3dddf4117144/63cad45571ee3810f4293549/ouch!_february_2023_polish_security_software.pdf,pdfs/02_2023_ouch__february_2023_polish_security_software.pdf,ok,5729
01_2023_Biometria,01/2023,Biometria,https://assets.contentstack.io/v3/assets/blt36c2e63521272fdc/blt43eba97031cb01d2/639a538c66a2107d45b982a9/ouch!_january_2023_Polish_biometrics.pdf,https://assets.contentstack.io/v3/assets/blt36c2e63521272fdc/blt43eba97031cb01d2/639a538c66a2107d45b982a9/ouch!_january_2023_Polish_biometrics.pdf,pdfs/01_2023_ouch__january_2023_Polish_biometrics.pdf,ok,5641
12_2022_Utylizacja_urz_dze_mobilnych,12/2022,Utylizacja urządzeń mobilnych,https://assets.contentstack.io/v3/assets/blt36c2e63521272fdc/blt4de515c03c2ee346/637d24165834861044c20fcc/ouch!_december_2022_Polish_disposing_of_your_mobile_device.pdf,https://assets.contentstack.io/v3/assets/blt36c2e63521272fdc/blt4de515c03c2ee346/637d24165834861044c20fcc/ouch!_december_2022_Polish_disposing_of_your_mobile_device.pdf,pdfs/12_2022_ouch__december_2022_Polish_disposing_of_your_mobile_device.pdf,ok,6574
11_2022_Przegl_darki_internetowe,11/2022,Przeglądarki internetowe,https://assets.contentstack.io/v3/assets/blt36c2e63521272fdc/blt9c65abcf65f4dd5d/635859051012fd7700083051/ouch!_november_2022_polish_browsers.pdf,https://assets.contentstack.io/v3/assets/blt36c2e63521272fdc/blt9c65abcf65f4dd5d/635859051012fd7700083051/ouch!_november_2022_polish_browsers.pdf,pdfs/11_2022_ouch__november_2022_polish_browsers.pdf,ok,6382
10_2022_Dzia_ania_na_emocjach_-_o_tym_jak_cyberprzest_pcy_oszukuj,10/2022,Działania na emocjach - o tym jak cyberprzestępcy oszukują,https://assets.contentstack.io/v3/assets/blt36c2e63521272fdc/blt927c786e7701392d/63487f5cdcd7cf2a1074e2c2/ouch!_october_2022_polish_emotional_triggers.pdf,https://assets.contentstack.io/v3/assets/blt36c2e63521272fdc/blt927c786e7701392d/63487f5cdcd7cf2a1074e2c2/ouch!_october_2022_polish_emotional_triggers.pdf,pdfs/10_2022_ouch__october_2022_polish_emotional_triggers.pdf,ok,5586
09_2022_Czy_posiadasz_kopie_zapasowe,09/2022,Czy posiadasz kopie zapasowe?,https://assets.contentstack.io/v3/assets/blt36c2e63521272fdc/blta3d56a160d76c7e7/6305626889a31e1a31bb9abc/ouch!_september_2022_polish_got_backups.pdf,https://assets.contentstack.io/v3/assets/blt36c2e63521272fdc/blta3d56a160d76c7e7/6305626889a31e1a31bb9abc/ouch!_september_2022_polish_got_backups.pdf,pdfs/09_2022_ouch__september_2022_polish_got_backups.pdf,ok,7691
08_2022_Oszustwa_podszywaj_ce_si_pod_zbi_rki,08/2022,Oszustwa podszywające się pod zbiórki,https://assets.contentstack.io/v3/assets/blt36c2e63521272fdc/blt831f3415f3d07222/62d05fee0082c23285eca6b4/ouch!_august_2022_polish_charity_scams.pdf,https://assets.contentstack.io/v3/assets/blt36c2e63521272fdc/blt831f3415f3d07222/62d05fee0082c23285eca6b4/ouch!_august_2022_polish_charity_scams.pdf,pdfs/08_2022_ouch__august_2022_polish_charity_scams.pdf,ok,5509
07_2022_Ataki_phishingowe,07/2022,Ataki phishingowe,https://assets.contentstack.io/v3/assets/blt36c2e63521272fdc/blt1342ae6456b825c1/62b24560ce3d8856b19fcc1f/ouch!_july_2022_polish_phishing_attacks_are_getting_trickier.pdf,https://assets.contentstack.io/v3/assets/blt36c2e63521272fdc/blt1342ae6456b825c1/62b24560ce3d8856b19fcc1f/ouch!_july_2022_polish_phishing_attacks_are_getting_trickier.pdf,pdfs/07_2022_ouch__july_2022_polish_phishing_attacks_are_getting_trickier.pdf,ok,5826
04_2022_Najpopularniejsze_oszustwa_w_serwisach_spo_eczno_ciowych,04/2022,Najpopularniejsze oszustwa w serwisach społecznościowych,https://assets.contentstack.io/v3/assets/blt36c2e63521272fdc/blt216a89c89a37c64e/62471273d1ee9f7c167e14a4/ouch!_april_2022_polish_top_three_social_media_scams.pdf,https://assets.contentstack.io/v3/assets/blt36c2e63521272fdc/blt216a89c89a37c64e/62471273d1ee9f7c167e14a4/ouch!_april_2022_polish_top_three_social_media_scams.pdf,pdfs/04_2022_ouch__april_2022_polish_top_three_social_media_scams.pdf,ok,5719
03_2022_Naucz_si_nowej_umiej_tno_ci_wykrywanie_Deepfake,03/2022,Naucz się nowej umiejętności: wykrywanie Deepfake,https://assets.contentstack.io/v3/assets/blt36c2e63521272fdc/bltece3382b1ef19b2c/621ce86dc8b3694a33e1cff6/ouch!_march_2022_polish_learn_a_new_survival_skill_spotting_deepfake.pdf,https://assets.contentstack.io/v3/assets/blt36c2e63521272fdc/bltece3382b1ef19b2c/621ce86dc8b3694a33e1cff6/ouch!_march_2022_polish_learn_a_new_survival_skill_spotting_deepfake.pdf,pdfs/03_2022_ouch__march_2022_polish_learn_a_new_survival_skill_spotting_deepfake.pdf,ok,6361
02_2022_Kariera_w_cyberbezpiecze_stwie,02/2022,Kariera w cyberbezpieczeństwie,https://assets.contentstack.io/v3/assets/blt36c2e63521272fdc/blt77b2e5ffd9374849/61f71af5904d971380984520/ouch!_february_2022_Polish_anyone_can_start_a_career_in_cybersecurity.pdf,https://assets.contentstack.io/v3/assets/blt36c2e63521272fdc/blt77b2e5ffd9374849/61f71af5904d971380984520/ouch!_february_2022_Polish_anyone_can_start_a_career_in_cybersecurity.pdf,pdfs/02_2022_ouch__february_2022_Polish_anyone_can_start_a_career_in_cybersecurity.pdf,ok,6073
01_2022_Wykryj_i_zatrzymaj_ataki_w_wiadomo_ciach_tekstowych,01/2022,Wykryj i zatrzymaj ataki w wiadomościach tekstowych,https://assets.contentstack.io/v3/assets/blt36c2e63521272fdc/blt35740d73fd85b65a/61d2497ac548b77c207dd5b2/ouch!_january_2022_Polish_spot_and_stop_messaging_attacks.pdf,https://assets.contentstack.io/v3/assets/blt36c2e63521272fdc/blt35740d73fd85b65a/61d2497ac548b77c207dd5b2/ouch!_january_2022_Polish_spot_and_stop_messaging_attacks.pdf,pdfs/01_2022_ouch__january_2022_Polish_spot_and_stop_messaging_attacks.pdf,ok,5234
12_2021_Bezpiecze_stwo_podczas_okresu_wi_tecznego,12/2021,Bezpieczeństwo podczas okresu świątecznego,https://assets.contentstack.io/v3/assets/blt36c2e63521272fdc/blt3b7a9e53c58a232b/61a504e037c855238d66e516/ouch!_december_2021_pl_top_cybersecurity_tips_for_vacations.pdf,https://assets.contentstack.io/v3/assets/blt36c2e63521272fdc/blt3b7a9e53c58a232b/61a504e037c855238d66e516/ouch!_december_2021_pl_top_cybersecurity_tips_for_vacations.pdf,pdfs/12_2021_ouch__december_2021_pl_top_cybersecurity_tips_for_vacations.pdf,ok,5717
11_2021_Bezpieczne_zakupy_online,11/2021,Bezpieczne zakupy online,https://assets.contentstack.io/v3/assets/blt36c2e63521272fdc/blt30cdce34658e0cc7/61797a179778eb18575b3a7c/ouch!_november_2021_Polish_shopping_online_securely.pdf,https://assets.contentstack.io/v3/assets/blt36c2e63521272fdc/blt30cdce34658e0cc7/61797a179778eb18575b3a7c/ouch!_november_2021_Polish_shopping_online_securely.pdf,pdfs/11_2021_ouch__november_2021_Polish_shopping_online_securely.pdf,ok,6019
10_2021_Ochrona_przed_najcz_stszymi_b_dami_zwi_zanymi_z_poczt_elektroniczn,10/2021,Ochrona przed najczęstszymi błędami związanymi z pocztą elektroniczną,https://assets.contentstack.io/v3/assets/blt36c2e63521272fdc/blta052623bf774bdb4/6155f15215005a5ff8fbbffa/ouch!_october_2021_Polish_surviving_email.pdf,https://assets.contentstack.io/v3/assets/blt36c2e63521272fdc/blta052623bf774bdb4/6155f15215005a5ff8fbbffa/ouch!_october_2021_Polish_surviving_email.pdf,pdfs/10_2021_ouch__october_2021_Polish_surviving_email.pdf,ok,5595
09_2021_Zabezpieczenie_kont_online,09/2021,Zabezpieczenie kont online,https://assets.contentstack.io/v3/assets/blt36c2e63521272fdc/blt10571a9437cfe16e/6137f6abfbf2f03cb2533da7/ouch!_september_2021_one_simple_step_to_securing_your_accounts_Polish.pdf,https://assets.contentstack.io/v3/assets/blt36c2e63521272fdc/blt10571a9437cfe16e/6137f6abfbf2f03cb2533da7/ouch!_september_2021_one_simple_step_to_securing_your_accounts_Polish.pdf,pdfs/09_2021_ouch__september_2021_one_simple_step_to_securing_your_accounts_Polish.pdf,ok,5915
08_2021_Bezpieczne_przechowywanie_danych_w_chmurze,08/2021,Bezpieczne przechowywanie danych w chmurze,https://assets.contentstack.io/v3/assets/blt36c2e63521272fdc/blt608dc82396f5560b/61071fa90d73bb3ec5da9415/ouch!_Polish_august_2021_securely_using_the_cloud.pdf,https://assets.contentstack.io/v3/assets/blt36c2e63521272fdc/blt608dc82396f5560b/61071fa90d73bb3ec5da9415/ouch!_Polish_august_2021_securely_using_the_cloud.pdf,pdfs/08_2021_ouch__Polish_august_2021_securely_using_the_cloud.pdf,ok,6273
07_2021_Bezpiecze_stwo_urz_dze_mobilnych,07/2021,Bezpieczeństwo urządzeń mobilnych,https://assets.contentstack.io/v3/assets/blt36c2e63521272fdc/bltf4e23f61005c39a7/60e8b43fb1bfa71471c7c3a0/ouch!_july_2021_securing_your_mobile_device_pl.pdf,https://assets.contentstack.io/v3/assets/blt36c2e63521272fdc/bltf4e23f61005c39a7/60e8b43fb1bfa71471c7c3a0/ouch!_july_2021_securing_your_mobile_device_pl.pdf,pdfs/07_2021_ouch__july_2021_securing_your_mobile_device_pl.pdf,ok,5412
06_2021_Bezpieczne_korzystanie_z_aplikacji_mobilnych,06/2021,Bezpieczne korzystanie z aplikacji mobilnych,https://assets.contentstack.io/v3/assets/blt36c2e63521272fdc/bltfdc5d4a5c4b09c58/60b66cffdbcf2a08eed7a795/ouch!_polish_june_2021_securely_using_mobile_apps.pdf,https://assets.contentstack.io/v3/assets/blt36c2e63521272fdc/bltfdc5d4a5c4b09c58/60b66cffdbcf2a08eed7a795/ouch!_polish_june_2021_securely_using_mobile_apps.pdf,pdfs/06_2021_ouch__polish_june_2021_securely_using_mobile_apps.pdf,ok,5931
05_2021_Ataki_i_oszustwa_telefoniczne,05/2021,Ataki i oszustwa telefoniczne,https://assets.contentstack.io/v3/assets/blt36c2e63521272fdc/blt2498acb7b0afd70f/60902ab62d1d22103219423b/OUCH-Polish_May_2021_-_Vishing_Phone_Call_Attacks_and_Scams_v3-English.pdf,https://assets.contentstack.io/v3/assets/blt36c2e63521272fdc/blt2498acb7b0afd70f/60902ab62d1d22103219423b/OUCH-Polish_May_2021_-_Vishing_Phone_Call_Attacks_and_Scams_v3-English.pdf,pdfs/05_2021_OUCH-Polish_May_2021_-_Vishing_Phone_Call_Attacks_and_Scams_v3-English.pdf,ok,5192
04_2021_Prywatno_-_chro_swoje_cyfrowe_ycie,04/2021,Prywatność - chroń swoje cyfrowe życie,https://assets.contentstack.io/v3/assets/blt36c2e63521272fdc/bltae4ac2a773daf39d/6064910b5a2a3210a63a8e93/OUCH_Apr_2021_-_Privacy-Protecting_Your_Digital_Footprint_v3-Polish.pdf,https://assets.contentstack.io/v3/assets/blt36c2e63521272fdc/bltae4ac2a773daf39d/6064910b5a2a3210a63a8e93/OUCH_Apr_2021_-_Privacy-Protecting_Your_Digital_Footprint_v3-Polish.pdf,pdfs/04_2021_OUCH_Apr_2021_-_Privacy-Protecting_Your_Digital_Footprint_v3-Polish.pdf,ok,5680
03_2021_Kradzie_to_samo_ci_-_ochro_si_przed_ni,03/2021,Kradzież tożsamości - ochroń się przed nią,https://assets.contentstack.io/v3/assets/blt36c2e63521272fdc/blt52ced20597d1210f/604a3d57a8c6585cda24d9ba/OUCH_Mar_2021_-_Identity_Theft_v3-Polish.pdf,https://assets.contentstack.io/v3/assets/blt36c2e63521272fdc/blt52ced20597d1210f/604a3d57a8c6585cda24d9ba/OUCH_Mar_2021_-_Identity_Theft_v3-Polish.pdf,pdfs/03_2021_OUCH_Mar_2021_-_Identity_Theft_v3-Polish.pdf,ok,4922
02_2021_Zhakowali_mnie._Co_teraz,02/2021,Zhakowali mnie. Co teraz?,https://assets.contentstack.io/v3/assets/blt36c2e63521272fdc/blt0c7626bf1f2ed30a/604a36ec1a42e25ce54e9978/Ouch!_Feb_2021_-_I_m_Hacked_Now_What_v3-Polish.pdf,https://assets.contentstack.io/v3/assets/blt36c2e63521272fdc/blt0c7626bf1f2ed30a/604a36ec1a42e25ce54e9978/Ouch!_Feb_2021_-_I_m_Hacked_Now_What_v3-Polish.pdf,pdfs/02_2021_Ouch__Feb_2021_-_I_m_Hacked_Now_What_v3-Polish.pdf,ok,5671
01_2021_Bezpieczna_domowa_sie_WI-Fi,01/2021,Bezpieczna domowa sieć WI-Fi,https://assets.contentstack.io/v3/assets/blt36c2e63521272fdc/blt96a16bdc51598c7b/604913472d310e5a62e19873/OUCH!_Jan_2021_-_Securing_Wi-Fi_at_Home_v3-Polish.pdf,https://assets.contentstack.io/v3/assets/blt36c2e63521272fdc/blt96a16bdc51598c7b/604913472d310e5a62e19873/OUCH!_Jan_2021_-_Securing_Wi-Fi_at_Home_v3-Polish.pdf,pdfs/01_2021_OUCH__Jan_2021_-_Securing_Wi-Fi_at_Home_v3-Polish.pdf,ok,4826
12_2020_Cyfrowa_luka_pokoleniowa,12/2020,Cyfrowa luka pokoleniowa,https://assets.contentstack.io/v3/assets/blt36c2e63521272fdc/bltb384d47d00928e04/60490ca0c7198e3af48f8de3/OUCH!_Dec_2020_-_Securing_the_Grandparents_v3-Polish.pdf,https://assets.contentstack.io/v3/assets/blt36c2e63521272fdc/bltb384d47d00928e04/60490ca0c7198e3af48f8de3/OUCH!_Dec_2020_-_Securing_the_Grandparents_v3-Polish.pdf,pdfs/12_2020_OUCH__Dec_2020_-_Securing_the_Grandparents_v3-Polish.pdf,ok,5793
11_2020_Ataki_socjotechniczne,11/2020,Ataki socjotechniczne,https://assets.contentstack.io/v3/assets/blt36c2e63521272fdc/blt0992c890a67c09cb/6048ff141322a9094ddefe07/OUCH!_Nov_2020_-_Social_Engineering_v.3-Polish.pdf,https://assets.contentstack.io/v3/assets/blt36c2e63521272fdc/blt0992c890a67c09cb/6048ff141322a9094ddefe07/OUCH!_Nov_2020_-_Social_Engineering_v.3-Polish.pdf,pdfs/11_2020_OUCH__Nov_2020_-_Social_Engineering_v.3-Polish.pdf,ok,4955
10_2020_Fake_News,10/2020,Fake News,https://assets.contentstack.io/v3/assets/blt36c2e63521272fdc/bltf69cd62a945056c1/6047fdfffef76d094c703126/OUCH!_October_2020_-_Fake_News_(Jason_Jordan)_v3-Polish.pdf,https://assets.contentstack.io/v3/assets/blt36c2e63521272fdc/bltf69cd62a945056c1/6047fdfffef76d094c703126/OUCH!_October_2020_-_Fake_News_(Jason_Jordan)_v3-Polish.pdf,pdfs/10_2020_OUCH__October_2020_-_Fake_News__Jason_Jordan__v3-Polish.pdf,ok,5184
09_2020_Bezpiecze_stwo_dzieci_online,09/2020,Bezpieczeństwo dzieci online,https://assets.contentstack.io/v3/assets/blt36c2e63521272fdc/bltc3cb3d10df6f18fc/6047fb50fef76d094c703112/September_2020_-_Securing_Kids_Online_(Chris_Pizor)_v4-Polish.pdf,https://assets.contentstack.io/v3/assets/blt36c2e63521272fdc/bltc3cb3d10df6f18fc/6047fb50fef76d094c703112/September_2020_-_Securing_Kids_Online_(Chris_Pizor)_v4-Polish.pdf,pdfs/09_2020_September_2020_-_Securing_Kids_Online__Chris_Pizor__v4-Polish.pdf,ok,5445
08_2020_Bezpiecze_stwo_wideokonferencji,08/2020,Bezpieczeństwo wideokonferencji,https://assets.contentstack.io/v3/assets/blt36c2e63521272fdc/blt3dc9f42b753d1fb2/6047f3697d801145b7fb9655/OUCH!_August_2020_-_Videoconferencing_Safely_and_Securely_v3-Polish.pdf,https://assets.contentstack.io/v3/assets/blt36c2e63521272fdc/blt3dc9f42b753d1fb2/6047f3697d801145b7fb9655/OUCH!_August_2020_-_Videoconferencing_Safely_and_Securely_v3-Polish.pdf,pdfs/08_2020_OUCH__August_2020_-_Videoconferencing_Safely_and_Securely_v3-Polish.pdf,ok,5450
07_2020_Ransomware,07/2020,Ransomware,https://assets.contentstack.io/v3/assets/blt36c2e63521272fdc/blt702fc2ba8a484a2c/6047eec0acf0d53d70c5d301/OUCH!_July_2020_-_Ransomware_v4-Polish.pdf,https://assets.contentstack.io/v3/assets/blt36c2e63521272fdc/blt702fc2ba8a484a2c/6047eec0acf0d53d70c5d301/OUCH!_July_2020_-_Ransomware_v4-Polish.pdf,pdfs/07_2020_OUCH__July_2020_-_Ransomware_v4-Polish.pdf,ok,5677
06_2020_Projektowanie_bezpiecze_stwa_sieci_domowej,06/2020,Projektowanie bezpieczeństwa sieci domowej,https://assets.contentstack.io/v3/assets/blt36c2e63521272fdc/blt4d152ae8fc84b033/6047c75ee122b53af5511ea9/OUCH!_June_2020_-_Creating_a_Cyber_Secure_Home_v3-Polish.pdf,https://assets.contentstack.io/v3/assets/blt36c2e63521272fdc/blt4d152ae8fc84b033/6047c75ee122b53af5511ea9/OUCH!_June_2020_-_Creating_a_Cyber_Secure_Home_v3-Polish.pdf,pdfs/06_2020_OUCH__June_2020_-_Creating_a_Cyber_Secure_Home_v3-Polish.pdf,ok,5316
05_2020_Moc_aktualizacji,05/2020,Moc aktualizacji,https://assets.contentstack.io/v3/assets/blt36c2e63521272fdc/blt56ff892c72cf5af8/604a8bae3c41f30bce484fda/OUCH!-May-2020_v3-Polish.pdf,https://assets.contentstack.io/v3/assets/blt36c2e63521272fdc/blt56ff892c72cf5af8/604a8bae3c41f30bce484fda/OUCH!-May-2020_v3-Polish.pdf,pdfs/05_2020_OUCH_-May-2020_v3-Polish.pdf,ok,5228
04_2020_Mened_er_hase,04/2020,Menedżer haseł,https://assets.contentstack.io/v3/assets/blt36c2e63521272fdc/bltee798afb2a08b806/604a692cacf0d53d70c5e0a6/202004-OUCH-Polish.pdf,https://assets.contentstack.io/v3/assets/blt36c2e63521272fdc/bltee798afb2a08b806/604a692cacf0d53d70c5e0a6/202004-OUCH-Polish.pdf,pdfs/04_2020_202004-OUCH-Polish.pdf,ok,5993
03_2020_Wiosenne_porz_dki,03/2020,Wiosenne porządki,https://assets.contentstack.io/v3/assets/blt36c2e63521272fdc/bltaa37bb6bc532b041/60492a50f9638443346d6b3d/202003-OUCH-Polish.pdf,https://assets.contentstack.io/v3/assets/blt36c2e63521272fdc/bltaa37bb6bc532b041/60492a50f9638443346d6b3d/202003-OUCH-Polish.pdf,pdfs/03_2020_202003-OUCH-Polish.pdf,ok,6225
02_2020_Prywatno_serwis_w_spo_eczno_ciowych,02/2020,Prywatność serwisów społecznościowych,https://assets.contentstack.io/v3/assets/blt36c2e63521272fdc/blt7109e61591c3d512/604906727b7aea45bd9f73cc/202002-OUCH-Polish.pdf,https://assets.contentstack.io/v3/assets/blt36c2e63521272fdc/blt7109e61591c3d512/604906727b7aea45bd9f73cc/202002-OUCH-Polish.pdf,pdfs/02_2020_202002-OUCH-Polish.pdf,ok,5595
01_2020_Cyfrowa_spu_cizna,01/2020,Cyfrowa spuścizna,https://assets.contentstack.io/v3/assets/blt36c2e63521272fdc/blt801e959deab4f6cf/6048034dfef76d094c70314c/202001-OUCH-Polish.pdf,https://assets.contentstack.io/v3/assets/blt36c2e63521272fdc/blt801e959deab4f6cf/6048034dfef76d094c70314c/202001-OUCH-Polish.pdf,pdfs/01_2020_202001-OUCH-Polish.pdf,ok,6101
12_2019_Oszustwa_bazuj_ce_na_wiadomo_ciach_tekstowych,12/2019,Oszustwa bazujące na wiadomościach tekstowych,https://assets.contentstack.io/v3/assets/blt36c2e63521272fdc/blt50894273174250c8/6047f2387b7aea45bd9f6d13/201912-OUCH-December-Polish.pdf,https://assets.contentstack.io/v3/assets/blt36c2e63521272fdc/blt50894273174250c8/6047f2387b7aea45bd9f6d13/201912-OUCH-December-Polish.pdf,pdfs/12_2019_201912-OUCH-December-Polish.pdf,ok,5639
11_2019_Bezpieczne_zakupy_w_sieci,11/2019,Bezpieczne zakupy w sieci,https://assets.contentstack.io/v3/assets/blt36c2e63521272fdc/blt961b218e051d26ad/6047dd522d310e5a62e191a6/201911-OUCH-November-Polish-P1_0.pdf,https://assets.contentstack.io/v3/assets/blt36c2e63521272fdc/blt961b218e051d26ad/6047dd522d310e5a62e191a6/201911-OUCH-November-Polish-P1_0.pdf,pdfs/11_2019_201911-OUCH-November-Polish-P1_0.pdf,ok,5565
10_2019_Cztery_proste_kroki_dla_w_asnego_bezpiecze_stwa,10/2019,Cztery proste kroki dla własnego bezpieczeństwa,https://assets.contentstack.io/v3/assets/blt36c2e63521272fdc/blt4ac073bae67ee5ab/6046b71bc7198e3af48f813a/201910-OUCH-October-Polish.pdf,https://assets.contentstack.io/v3/assets/blt36c2e63521272fdc/blt4ac073bae67ee5ab/6046b71bc7198e3af48f813a/201910-OUCH-October-Polish.pdf,pdfs/10_2019_201910-OUCH-October-Polish.pdf,ok,5882
09_2019_Oszustwa_za_po_rednictwem_medi_w_spo_eczno_ciowych,09/2019,Oszustwa za pośrednictwem mediów społecznościowych,https://assets.contentstack.io/v3/assets/blt36c2e63521272fdc/blt5720932035a85f94/6046b448f9638443346d5c72/201909-OUCH-September-Polish.pdf,https://assets.contentstack.io/v3/assets/blt36c2e63521272fdc/blt5720932035a85f94/6046b448f9638443346d5c72/201909-OUCH-September-Polish.pdf,pdfs/09_2019_201909-OUCH-September-Polish.pdf,ok,4764
08_2019_Czy_robisz_kopie_zapasowe,08/2019,Czy robisz kopie zapasowe?,https://assets.contentstack.io/v3/assets/blt36c2e63521272fdc/bltc7995498e55ae3a1/6047b5845aedc043351b6fad/201908-OUCH-August-Polish.pdf,https://assets.contentstack.io/v3/assets/blt36c2e63521272fdc/bltc7995498e55ae3a1/6047b5845aedc043351b6fad/201908-OUCH-August-Polish.pdf,pdfs/08_2019_201908-OUCH-August-Polish.pdf,ok,6360
07_2019_Wirtualne_Sieci_Prywatne_VPN,07/2019,Wirtualne Sieci Prywatne (VPN),https://assets.contentstack.io/v3/assets/blt36c2e63521272fdc/blt0a275da458288962/6047b4f63c41f30bce483efd/201907-OUCH-July-Polish.pdf,https://assets.contentstack.io/v3/assets/blt36c2e63521272fdc/blt0a275da458288962/6047b4f63c41f30bce483efd/201907-OUCH-July-Polish.pdf,pdfs/07_2019_201907-OUCH-July-Polish.pdf,ok,5545
06_2019_Dark_Web,06/2019,Dark Web,https://assets.contentstack.io/v3/assets/blt36c2e63521272fdc/bltbab310e9239e9368/6047b463a8c6585cda24cac2/201906-OUCH-June-Polish.pdf,https://assets.contentstack.io/v3/assets/blt36c2e63521272fdc/bltbab310e9239e9368/6047b463a8c6585cda24cac2/201906-OUCH-June-Polish.pdf,pdfs/06_2019_201906-OUCH-June-Polish.pdf,ok,5745
05_2019_Kariera_w_cyberbezpiecze_stwie,05/2019,Kariera w cyberbezpieczeństwie,https://assets.contentstack.io/v3/assets/blt36c2e63521272fdc/blt0434f090c385924d/6047b3d8f9638443346d625c/201905-OUCH-May-Polish.pdf,https://assets.contentstack.io/v3/assets/blt36c2e63521272fdc/blt0434f090c385924d/6047b3d8f9638443346d625c/201905-OUCH-May-Polish.pdf,pdfs/05_2019_201905-OUCH-May-Polish.pdf,ok,6189
04_2019_Tworzenie_hase_w_prostszy_spos_b,04/2019,Tworzenie haseł w prostszy sposób,https://assets.contentstack.io/v3/assets/blt36c2e63521272fdc/blt930f1330c1e68833/6047b33bc7198e3af48f8617/201904-OUCH-April-Polish.pdf,https://assets.contentstack.io/v3/assets/blt36c2e63521272fdc/blt930f1330c1e68833/6047b33bc7198e3af48f8617/201904-OUCH-April-Polish.pdf,pdfs/04_2019_201904-OUCH-April-Polish.pdf,ok,6236
03_2019_Utylizacja_urz_dzenia_mobilnego,03/2019,Utylizacja urządzenia mobilnego,https://assets.contentstack.io/v3/assets/blt36c2e63521272fdc/bltaf0658c83909c5a7/6047b284fef76d094c702f50/201903-OUCH-March-Polish_0.pdf,https://assets.contentstack.io/v3/assets/blt36c2e63521272fdc/bltaf0658c83909c5a7/6047b284fef76d094c702f50/201903-OUCH-March-Polish_0.pdf,pdfs/03_2019_201903-OUCH-March-Polish_0.pdf,ok,6201
02_2019_Spersonalizowane_oszustwa,02/2019,Spersonalizowane oszustwa,https://assets.contentstack.io/v3/assets/blt36c2e63521272fdc/bltf02c8355723d094a/6047b17f5aedc043351b6f7d/201902-OUCH-February-Polish-FINAL.pdf,https://assets.contentstack.io/v3/assets/blt36c2e63521272fdc/bltf02c8355723d094a/6047b17f5aedc043351b6f7d/201902-OUCH-February-Polish-FINAL.pdf,pdfs/02_2019_201902-OUCH-February-Polish-FINAL.pdf,ok,5888
01_2019_Odszukaj_siebie_w_sieci,01/2019,Odszukaj siebie w sieci,https://assets.contentstack.io/v3/assets/blt36c2e63521272fdc/blt8c1b23e5d29c376c/6047a4c508636f3d7749c582/201901-OUCH-January-Polish_1.pdf,https://assets.contentstack.io/v3/assets/blt36c2e63521272fdc/blt8c1b23e5d29c376c/6047a4c508636f3d7749c582/201901-OUCH-January-Polish_1.pdf,pdfs/01_2019_201901-OUCH-January-Polish_1.pdf,ok,5994
12_2018_Tak_jeste_celem_atak_w,12/2018,"Tak, jesteś celem ataków",https://assets.contentstack.io/v3/assets/blt36c2e63521272fdc/blte8dc634dc0e90086/606f524f3107b22c3d586d22/201812-OUCH-December-Polish.pdf,https://assets.contentstack.io/v3/assets/blt36c2e63521272fdc/blte8dc634dc0e90086/606f524f3107b22c3d586d22/201812-OUCH-December-Polish.pdf,pdfs/12_2018_201812-OUCH-December-Polish.pdf,ok,5445
11_2018_Jestem_ofiar_hakera,11/2018,Jestem ofiarą hakera?,https://assets.contentstack.io/v3/assets/blt36c2e63521272fdc/blt8e3389f63755a79b/606f51782c290626b4382fda/201811-OUCH-November-Polish_0.pdf,https://assets.contentstack.io/v3/assets/blt36c2e63521272fdc/blt8e3389f63755a79b/606f51782c290626b4382fda/201811-OUCH-November-Polish_0.pdf,pdfs/11_2018_201811-OUCH-November-Polish_0.pdf,ok,6455
10_2018_Jak_unikn_b_d_w_korzystaj_c_z_poczty_e-mail,10/2018,"Jak uniknąć błędów, korzystając z poczty e-mail?",https://assets.contentstack.io/v3/assets/blt36c2e63521272fdc/bltc92a731f762ccc24/606f50cb4662f621951991dd/201810-OUCH-October-Polish_1.pdf,https://assets.contentstack.io/v3/assets/blt36c2e63521272fdc/bltc92a731f762ccc24/606f50cb4662f621951991dd/201810-OUCH-October-Polish_1.pdf,pdfs/10_2018_201810-OUCH-October-Polish_1.pdf,ok,5612
09_2018_CEO_Fraud_czyli_jak_nie_sta_si_ofiar_oszustwa_na_wiadomo_od_prezesa,09/2018,"CEO Fraud, czyli jak nie stać się ofiarą oszustwa na wiadomość od prezesa",https://assets.contentstack.io/v3/assets/blt36c2e63521272fdc/blt679eec01904940db/606f3f05efddb74bd62b9260/201809-OUCH-September-Polish_0.pdf,https://assets.contentstack.io/v3/assets/blt36c2e63521272fdc/blt679eec01904940db/606f3f05efddb74bd62b9260/201809-OUCH-September-Polish_0.pdf,pdfs/09_2018_201809-OUCH-September-Polish_0.pdf,ok,5976
08_2018_Inteligentne_urz_dzenia_w_Twoim_domu,08/2018,Inteligentne urządzenia w Twoim domu,https://assets.contentstack.io/v3/assets/blt36c2e63521272fdc/blt9fd92d669e9470bf/606f3e5000cb9a28132ac520/201808-OUCH-August-Polish_0.pdf,https://assets.contentstack.io/v3/assets/blt36c2e63521272fdc/blt9fd92d669e9470bf/606f3e5000cb9a28132ac520/201808-OUCH-August-Polish_0.pdf,pdfs/08_2018_201808-OUCH-August-Polish_0.pdf,ok,6238
07_2018_Oszustwa_Telefoniczne_oraz_Scam,07/2018,Oszustwa Telefoniczne oraz Scam,https://assets.contentstack.io/v3/assets/blt36c2e63521272fdc/blt0629061c01618e94/606f3d32e5ac4c2c44b770e6/201807-OUCH-July-Polish.pdf,https://assets.contentstack.io/v3/assets/blt36c2e63521272fdc/blt0629061c01618e94/606f3d32e5ac4c2c44b770e6/201807-OUCH-July-Polish.pdf,pdfs/07_2018_201807-OUCH-July-Polish.pdf,ok,6237
06_2018_Ochrona_przed_z_o_liwym_oprogramowaniem,06/2018,Ochrona przed złośliwym oprogramowaniem,https://assets.contentstack.io/v3/assets/blt36c2e63521272fdc/blt1c55016ad6018a15/606f3ca4d8743426b393e803/201806-OUCH-June-Polish_0.pdf,https://assets.contentstack.io/v3/assets/blt36c2e63521272fdc/blt1c55016ad6018a15/606f3ca4d8743426b393e803/201806-OUCH-June-Polish_0.pdf,pdfs/06_2018_201806-OUCH-June-Polish_0.pdf,ok,6666
05_2018_RODO_GDPR,05/2018,RODO (GDPR),https://assets.contentstack.io/v3/assets/blt36c2e63521272fdc/blt18e5487fd8a0b054/606f3b263d85432b0f81e39a/201805-OUCH-May-Polish_1.pdf,https://assets.contentstack.io/v3/assets/blt36c2e63521272fdc/blt18e5487fd8a0b054/606f3b263d85432b0f81e39a/201805-OUCH-May-Polish_1.pdf,pdfs/05_2018_201805-OUCH-May-Polish_1.pdf,ok,5096
04_2018_Powstrzyma_phishing,04/2018,Powstrzymać phishing,https://assets.contentstack.io/v3/assets/blt36c2e63521272fdc/blt0bee792b435be964/606f39db2c290626b4382f00/201804-OUCH-April-Polish_0.pdf,https://assets.contentstack.io/v3/assets/blt36c2e63521272fdc/blt0bee792b435be964/606f39db2c290626b4382f00/201804-OUCH-April-Polish_0.pdf,pdfs/04_2018_201804-OUCH-April-Polish_0.pdf,ok,4890
03_2018_Bezpieczne_korzystanie_z_medi_w_spo_eczno_ciowych_wskaz_wki,03/2018,Bezpieczne korzystanie z mediów społecznościowych – wskazówki,https://assets.contentstack.io/v3/assets/blt36c2e63521272fdc/blte47c34c1c22d385a/606f37c46cf7e622c05a25d0/201803-OUCH-March-Polish_0.pdf,https://assets.contentstack.io/v3/assets/blt36c2e63521272fdc/blte47c34c1c22d385a/606f37c46cf7e622c05a25d0/201803-OUCH-March-Polish_0.pdf,pdfs/03_2018_201803-OUCH-March-Polish_0.pdf,ok,4689
02_2018_Zabezpieczanie_urz_dzenia_mobilnego,02/2018,Zabezpieczanie urządzenia mobilnego,https://assets.contentstack.io/v3/assets/blt36c2e63521272fdc/blt6f253b4f13afd1be/606f370f5a02884cf97afc8e/201802-OUCH-February-Polish.pdf,https://assets.contentstack.io/v3/assets/blt36c2e63521272fdc/blt6f253b4f13afd1be/606f370f5a02884cf97afc8e/201802-OUCH-February-Polish.pdf,pdfs/02_2018_201802-OUCH-February-Polish.pdf,ok,5295
01_2018_Cyberbezpieczny_Dom,01/2018,Cyberbezpieczny Dom,https://assets.contentstack.io/v3/assets/blt36c2e63521272fdc/blt5b9bcb0068a2b79f/606f36641609c821964d9cb5/201801-OUCH-January-Polish_1.pdf,https://assets.contentstack.io/v3/assets/blt36c2e63521272fdc/blt5b9bcb0068a2b79f/606f36641609c821964d9cb5/201801-OUCH-January-Polish_1.pdf,pdfs/01_2018_201801-OUCH-January-Polish_1.pdf,ok,8290
